Actual,Predicted
3.8125,3.4170563107556964
3.5,2.747833831880662
3.25,3.877900953914274
2.5625,2.0265981747540787
2.9375,4.218192633581436
3.5,4.333251439278543
3.3125,1.925133844912377
3.3125,2.4184995373188443
2.3125,3.3318386673861906
